UserID,UserNom,UserPrenom
1,Dupont,Marie
2,Martin,Pierre
3,Laurent,Sophie
4,Leclerc,Nicolas
5,Lefebvre,Isabelle
6,Roux,Julien
7,Moreau,Emilie
8,Fournier,Thomas
9,Girard,Elodie
10,Caron,Antoine
11,Lucas,Camille
12,Fontaine,Mathieu
13,Garnier,Laura
14,Rousseau,Kevin
15,Barbier,Charlotte
16,Perrin,Maxime
17,Gautier,Lucie
18,Roger,Paul
19,Leroux,Julie
20,Fabre,Louis
21,Marchand,Sarah
22,Rivière,Julia
23,Guillaume,Alexandre
24,Bernard,Anaïs
25,Nicolas,Guillaume
26,Morin,Caroline
27,Petit,Anthony
28,Collin,Luc
29,Vincent,Léa
30,Lemaire,Olivier
31,Philippe,Céline
32,Hubert,Sébastien
33,Leroy,Nathalie
34,Bourgeois,Fabien
35,Blanc,Laure
36,Gauthier,Adrien
37,Morel,Jennifer
38,Guyot,Jérôme
39,Marie,Célestine
40,Dumas,Aurore
41,Fabre,Romain
42,Baron,Virginie
43,François,Mélanie
44,Boucher,David
45,Meunier,Audrey
46,Thomas,Martin
47,Le Goff,Manon
48,Faure,Alice
49,Renard,Rémi
50,Guérin,Amélie
51,Bernier,Philippe
52,Camus,Clémence
53,Grégoire,Aurélie
54,Denis,Florent
55,Deschamps,Jessica
56,Lacoste,Florence
57,Guichard,Coralie
58,Besson,Sébastien
59,Gilbert,Céline
60,Chauvin,Nicolas
61,Picard,Juliette
62,Henry,Laetitia
63,Rolland,Valentin
64,Dubois,Morgane
65,Brun,Jonathan
66,Huet,Claire
67,Colin,Rudy
68,Richard,Léna
69,Adam,Valérie
70,Mercier,Loïc
71,Grenier,Alexandra
72,Lecomte,Florentin
73,Perron,Laurie
74,Gros,Jordan
75,Robin,Marion
76,Guillot,Mélanie
77,Lebrun,Guillaume
78,Clement,Lucie
79,Roger,Jessica
80,Fischer,Elise
81,Garnier,Killian
82,Fabre,Florent
83,Delaunay,Maeva
84,Lefort,Laurent
85,Philip,Chloé
86,Bonnet,Elisa
87,Lejeune,Axel
88,Meyer,Inès
89,Da Silva,Stéphane
90,Millet,Alice
91,Collet,Gabriel
92,Martin,Sabrina
93,Colin,Pierre
94,Renault,Sandra
95,Gaillard,Mathis
96,Lambert,Claudia
97,Renaud,Mathéo
98,Picard,Justine
99,Guyot,Kévin
100,Barreau,Jennifer
101,Perrot,Maéva
102,Leclerc,Baptiste
103,Guillot,Camille
104,Le Roux,Cloé
105,Beaumont,Lucas
106,Picard,Emilie
107,Guyon,Théo
108,Legrand,Manon
109,Dubois,Romain
110,Marchand,Sarah
111,Lemoine,Jules
112,Beaulieu,Laurie
113,Lucas,Killian
114,Guérin,Elisa
115,Carpentier,Léna
116,Legrand,Victor
117,André,Amélie
118,Pierre,Aurélie
119,Gonçalves,Robin
120,Poirier,Audrey
121,Lecomte,Martin
122,Marchal,Céline
123,Michel,Maxime
124,Bonnet,Claire
125,Thomas,Lucie
126,Le Gall,Guillaume
127,Collet,Marine
128,Pelletier,Léo
129,Legrand,Laure
130,Muller,Cédric
131,Barbier,Emma
132,Blanchard,Florian
133,Royer,Julia
134,Richard,Arnaud
135,Bergeron,Ludivine
136,Fernandez,Camille
137,Blanc,Jérôme
138,Pierre,Élodie
139,Martin,Clément
140,Martinez,Lola
141,Lefebvre,Mathieu
142,Bernard,Anaïs
143,Durand,Alex
144,Rousseau,Caroline
145,Robert,Gabriel
146,Leroy,Claudia
147,Fournier,Antoine
148,Fabre,Jessica
149,André,Jérôme
150,Colin,Séverine
151,Gomez,Sylvain
152,Picard,Sophie
153,Deschamps,Mélissa
154,Campos,Benjamin
155,Daubigny,Marie
156,Lemoine,Samuel
157,Caron,Laura
158,Picard,Kévin
159,Mallet,Séverine
160,Richard,Florent
161,Collet,Sabrina
162,Leroy,Kilian
163,Moreau,Chloé
164,Leroux,Aurélien
165,Michel,Laura
166,Renaud,Simon
167,Lopez,Clémence
168,Beaulieu,Matthieu
169,Guyot,Laëtitia
170,Legrand,Kévin
171,Dubois,Émilie
172,Caron,Lucas
173,Renard,Marine
174,Lemoine,Julien
175,Meyer,Valérie
176,Roux,Clément
177,Morin,Romain
178,Lacoste,Inès
179,Guillot,Luc
180,Colin,Camille
181,André,Fabien
182,Fontaine,Céline
183,Lemaire,Jules
184,Collet,Sarah
185,Morel,Rudy
186,Bernard,Léa
187,Gautier,Killian
188,Delaunay,Rémi
189,Besson,Maeva
190,Pelletier,Alice
191,Hubert,Loïc
192,Grenier,Axel
193,Marchand,Lucie
194,Gonçalves,Alexandre
195,Lacoste,Anaïs
196,Bonnet,Marion
197,Lefort,Guillaume
198,Roger,Lucie
199,Guérin,Paul
200,Renault,Julie
201,Bernier,Antoine
202,Camus,Claire
203,Grégoire,Coralie
204,Denis,Jennifer
205,Deschamps,Jessica
206,Lacoste,Florence
207,Guichard,Claudia
208,Besson,Sébastien
209,Gilbert,Céline
210,Chauvin,Nicolas
211,Picard,Juliette
212,Henry,Laetitia
213,Rolland,Valentin
214,Dubois,Morgane
215,Brun,Jonathan
216,Huet,Claire
217,Colin,Rudy
218,Richard,Léna
219,Adam,Valérie
220,Mercier,Loïc
221,Grenier,Alexandra
222,Lecomte,Florentin
223,Perron,Laurie
224,Gros,Jordan
225,Robin,Marion
226,Guillot,Mélanie
227,Lebrun,Guillaume
228,Clement,Lucie
229,Roger,Jessica
230,Fischer,Elise
231,Garnier,Killian
232,Fabre,Florent
233,Delaunay,Maeva
234,Lefort,Laurent
235,Philip,Chloé
236,Bonnet,Elisa
237,Lejeune,Axel
238,Meyer,Inès
239,Da Silva,Stéphane
240,Millet,Alice
241,Collet,Gabriel
242,Martin,Sabrina
243,Colin,Pierre
244,Renault,Sandra
245,Gaillard,Mathis
246,Lambert,Claudia
247,Renaud,Mathéo
248,Picard,Justine
249,Guyot,Kévin
250,Barreau,Jennifer
251,Perrot,Maéva
252,Leclerc,Baptiste
253,Guillot,Camille
254,Le Roux,Cloé
255,Beaumont,Lucas
256,Picard,Emilie
257,Guyon,Théo
258,Legrand,Manon
259,Dubois,Romain
260,Marchand,Sarah
261,Lemoine,Jules
262,Beaulieu,Laurie
263,Lucas,Killian
264,Guérin,Elisa
265,Carpentier,Léna
266,Legrand,Victor
267,André,Amélie
268,Pierre,Aurélie
269,Gonçalves,Robin
270,Poirier,Audrey
271,Lecomte,Martin
272,Marchal,Céline
273,Michel,Maxime
274,Bonnet,Claire
275,Thomas,Lucie
276,Le Gall,Guillaume
277,Collet,Marine
278,Pelletier,Léo
279,Legrand,Laure
280,Muller,Cédric
281,Barbier,Emma
282,Blanchard,Florian
283,Royer,Julia
284,Richard,Arnaud
285,Bergeron,Ludivine
286,Fernandez,Camille
287,Blanc,Jérôme
288,Pierre,Élodie
289,Martin,Clément
290,Martinez,Lola
291,Lefebvre,Mathieu
292,Bernard,Anaïs
293,Durand,Alex
294,Rousseau,Caroline
295,Robert,Gabriel
296,Leroy,Claudia
297,Fournier,Antoine
298,Fabre,Jessica
299,André,Jérôme
300,Colin,Séverine
301,Gomez,Sylvain
302,Picard,Sophie
303,Deschamps,Mélissa
304,Campos,Benjamin
305,Daubigny,Marie
306,Lemoine,Samuel
307,Caron,Laura
308,Picard,Kévin
309,Mallet,Séverine
310,Richard,Florent
311,Collet,Sabrina
312,Leroy,Kilian
313,Moreau,Chloé
314,Leroux,Aurélien
315,Michel,Laura
316,Renaud,Simon
317,Lopez,Clémence
318,Beaulieu,Matthieu
319,Guyot,Laëtitia
320,Legrand,Kévin
321,Dubois,Émilie
322,Caron,Lucas
323,Renard,Marine
324,Lemoine,Julien
325,Meyer,Valérie
326,Roux,Clément
327,Morin,Romain
328,Lacoste,Inès
329,Dubois,Emma
330,Martin,Louis
331,Bernard,Chloé
332,Thomas,Paul
333,Robert,Lea
334,Richard,Lucas
335,Petit,Jade
336,Durand,Hugo
337,Leroy,Louise
338,Moreau,Léo
339,Simon,Manon
340,Laurent,Arthur
341,Lefebvre,Anna
342,Michel,Gabriel
343,Garcia,Margaux
344,David,Maxime
345,Bertrand,Eva
346,Roux,Noé
347,Vincent,Agathe
348,Fournier,Nathan
349,Morel,Maëlys
350,Girard,Théo
351,André,Maëlle
352,Lefevre,Alexandre
353,Martin,Inès
354,Barbier,Enzo
355,Leclerc,Clara
356,Giraud,Noah
357,Bonnet,Manon
358,Ferrand,Adam
359,Mercier,Julia
360,Perrin,Tom
361,Maillard,Alice
362,Gauthier,Hugo
363,Fleury,Emma
364,Roche,Léo
365,Julien,Lucie
366,Picard,Thomas
367,Renard,Lea
368,Lemoine,Ethan
369,Morin,Louise
370,Rousseau,Clément
371,Beaufort,Hugo
372,Chevalier,Jade
373,Boyer,Arthur
374,Fournier,Lina
375,Henry,Martin
376,Renault,Alice
377,Basile,Jules
378,Caron,Rose
379,Guillaume,Lina
380,Marechal,Lucas
381,Charpentier,Lucie
382,Da Silva,Arthur
383,Delattre,Lou
384,Dupuy,Noah
385,Fernandez,Agathe
386,Guérin,Clément
387,Pierron,Jade
388,Lemaire,Manon
389,Maury,Paul
390,Nicolas,Chloé
391,Dumoulin,Gabriel
392,Deschamps,Hugo
393,Maillot,Clara
394,Voisin,Noé
395,Beaufort,Lucie
396,Deville,Lea
397,Dulac,Maël
398,Launay,Alice
399,Boucher,Martin
400,Clement,Maëlys
401,Balavoine,Noah
402,Diaz,Inès
403,Lacombe,Alice
404,Maury,Éthan
405,Capron,Lou
406,Boulay,Clara
407,Buisson,Maxime
408,Guyot,Agathe
409,Rey,Chloé
410,Tardy,Anna
411,Brunel,Lea
412,Ferreira,Lucie
413,Hebert,Lina
414,Boulay,Thomas
415,Denis,Lucas
416,Marin,Noah
417,Perrin,Louise
418,Poirier,Manon
419,Vidal,Martin
420,Bourgeois,Paul
421,François,Théo
422,Leduc,Julia
423,Maurel,Gabriel
424,Blanchard,Léo
425,Bourgeois,Lucie
426,Denis,Noé
427,Guyot,Arthur
428,Lamy,Lou
429,Beaufort,Jade
430,Chapuis,Léo
431,Guillet,Lina
432,Laporte,Hugo
433,Monnier,Maël
434,Renard,Martin
435,Rivet,Julia
436,Valette,Jules
437,Barreau,Chloé
438,Barthelemy,Emma
439,Barbier,Maëlle
440,Chauvin,Clara
441,Dubois,Éthan
442,Francois,Lou
443,Gallego,Lina
444,Jourdan,Théo
445,Poirier,Arthur
446,Rolland,Lucie
447,Simon,Alice
448,Vincent,Jade
449,Guillaume,Agathe
450,Legrand,Martin
451,Lejeune,Paul
452,Michel,Lea
453,Nicolas,Gabriel
454,Picard,Lucas
455,Robin,Chloé
456,Rousseau,Eva
457,Sanchez,Léo
458,Vincent,Anna
459,Charpentier,Manon
460,Da Silva,Hugo
461,Deville,Louise
462,Devillers,Lina
463,Dufour,Maxime
464,Durand,Ethan
465,Garcia,Lucie
466,Hubert,Jules
467,Lacroix,Emma
468,Lemaire,Théo
469,Lemoine,Clara
470,Mathieu,Noah
471,Perrot,Maëlys
472,Petit,Arthur
473,Rolland,Paul
474,Vincent,Léo
475,Barbier,Lea
476,Bernard,Lucas
477,Bertrand,Gabriel
478,Blanchard,Hugo
479,Caron,Chloé
480,Clement,Agathe
481,Denis,Eva
482,Fournier,Manon
483,Guérin,Lina
484,Henry,Julia
485,Lacombe,Thomas
486,Laporte,Alice
487,Martin,Martin
488,Moreau,Inès
489,Petit,Enzo
490,Philippe,Emma
491,Picard,Agathe
492,Poirier,Maxime
493,Rey,Manon
494,Rivet,Julia
495,Sanchez,Lou
496,Barthélémy,Jade
497,Barbe,Léo
498,Boulay,Lina
499,Bouquet,Hugo
500,Cardon,Jules
